id,Fahrenheit
1,-58.24451
2,-40.192837
3,-22.141155
4,-4.0894814
5,13.962196
6,15.7673645
7,17.572533
8,19.3777
9,21.182869
10,22.988035
11,24.793203
12,26.598372
13,28.403538
14,30.208706
15,32.013874
16,33.819042
17,35.62421
18,37.42938
19,39.234543
20,41.03971
21,42.84488
22,44.650047
23,46.455215
24,48.260384
25,50.06555
26,68.11723
27,86.1689
28,104.22058
29,122.27226
30,140.32393
